pid,product_name,old_price,c_price,base_price,company_id,company_name
96,"Samarthya Bucket Mop Magic (Ss Bowl)",1635,545,550,7,"Samarthya Cleaning "
97,"Samarthya Bucket Mop Magic (Pp Bowl)",1485,495,500,7,"Samarthya Cleaning "
98,"Samarthya Bucket Mop Extreme (Ss Bowl)",1785,595,600,7,"Samarthya Cleaning "
99,"Samarthya Bucket Mop Extreme (Pp Bowl)",1635,545,550,7,"Samarthya Cleaning "
100,"Samarthya Bucket Mop Floor Shine (Ss Bowl)",1950,650,660,7,"Samarthya Cleaning "
101,"Samarthya Bucket Mop Floor Shine (Pp Bowl)",1710,570,580,7,"Samarthya Cleaning "
102,"Samarthya Bucket Mop Delux (Ss Bowl)",2250,750,760,7,"Samarthya Cleaning "
103,"Samarthya Bucket Mop Delux (Pp Bowl)",2100,700,710,7,"Samarthya Cleaning "
104,"Samarthya Bucket Mop Unique (Ss Bowl)",2400,800,810,7,"Samarthya Cleaning "
105,"Samarthya Bucket Mop Unique (Pp Bowl)",2250,750,760,7,"Samarthya Cleaning "
106,"Samarthya Flexibil Colth Drying Rack",4350,1450,1460,7,"Samarthya Cleaning "
107,"Samarthya Eligant Bath Set 3 Pcs",1530,510,520,7,"Samarthya Cleaning "
109,"Samarthya Eligant Bath Set 10 Pcs",3900,1300,1310,7,"Samarthya Cleaning "
110,"Samarthya Eligant Bucket 20Ltr",597,199,205,7,"Samarthya Cleaning "
111,"Samarthya Eligant Dustbin 8 Ltr",597,199,205,7,"Samarthya Cleaning "
119,"Samarthya Liquid Soap Dispenser Printed",195,65,68,7,"Samarthya Cleaning "
120,"Samarthya Soap Dispenser",216,72,75,7,"Samarthya Cleaning "
121,"Samarthya 2 In 1 Liquid Dispenser",216,72,75,7,"Samarthya Cleaning "
122,"Samarthya Multi Utility Round Trolly",240,80,83,7,"Samarthya Cleaning "
123,"Samarthya Shoes Drying Hanger",105,35,38,7,"Samarthya Cleaning "
124,"Samarthya Saucify Bottle 200 Ml",42,14,16,7,"Samarthya Cleaning "
125,"Samarthya Toilet Brush Double Hockey Virgin",144,48,51,7,"Samarthya Cleaning "
126,"Samarthya Carpet Brush Virgin",138,46,49,7,"Samarthya Cleaning "
127,"Samarthya Bhala Jala Broom With Telescope 4.25Ft Ss Stick",360,120,125,7,"Samarthya Cleaning "
128,"Samarthya Jala Broom Gobi With Ss Stick",375,125,130,7,"Samarthya Cleaning "
129,"Samarthya Shiny Sink Brush Virgin",93,31,32,7,"Samarthya Cleaning "
130,"Samarthya King Jala Broom (Bhala) Ms Stick",330,110,115,7,"Samarthya Cleaning "
131,"Samarthya Kitchen Round Sink Brush Virgin",108,36,39,7,"Samarthya Cleaning "
132,"Samarthya Sink Scruber Brush Nylopad Higher Quality Virgin",93,31,32,7,"Samarthya Cleaning "
133,"Samarthya Double Hockey Brush NV",144,48,51,7,"Samarthya Cleaning "
134,"Samarthya Singel Hockey Toilet Brush NV",111,37,40,7,"Samarthya Cleaning "
135,"Samarthya Oval Cloth Brush NV",84,28,31,7,"Samarthya Cleaning "
136,"Samarthya Squre Cloth Brush NV",78,26,29,7,"Samarthya Cleaning "
137,"Samarthya Double Hockey Dura Clean Brush  NV",120,40,43,7,"Samarthya Cleaning "
138,"Samarthya Double Hockey Daimond Toilet Brush",144,48,51,7,"Samarthya Cleaning "
139,"Samarthya Double Hockey Max Clean Brush NV",87,29,32,7,"Samarthya Cleaning "
140,"Samarthya Double Hockey Max Clean Brush NV",87,29,32,7,"Samarthya Cleaning "
141,"Samarthya Big Oval Cloth Brush",90,30,33,7,"Samarthya Cleaning "
142,"Samarthya Cloth Brush 8 Type",21,7,10,7,"Samarthya Cleaning "
143,"Samarthya Nano 6"" Hardy Tiles Cleaning Brush With Pipe",210,70,73,7,"Samarthya Cleaning "
144,"Samarthya Rhino 12"" Hardy Floor Cleaning With Ss Pipe",480,160,163,7,"Samarthya Cleaning "
145,"Samarthya Virgin Kharata 60 Sticks",156,52,55,7,"Samarthya Cleaning "
146,"Samarthya Wonder Kharata Clean Plush",162,54,57,7,"Samarthya Cleaning "
147,"Samarthya Bathroom Wiper Silicon 13"" Ss Pipe",204,68,71,7,"Samarthya Cleaning "
148,"Samarthya Unique Kitchen Wiper",75,25,28,7,"Samarthya Cleaning "
149,"Samarthya Kitchen Wiper Classic",75,25,28,7,"Samarthya Cleaning "
150,"Samarthya Kitchen Wiper A-1",63,21,24,7,"Samarthya Cleaning "
151,"Samarthya Toilet Plunger Small",111,37,40,7,"Samarthya Cleaning "
152,"Samarthya Toilet Plunger Big",126,42,45,7,"Samarthya Cleaning "
153,"Samarthya Laxmi Grass Broom",273,91,95,7,"Samarthya Cleaning "
154,"Samarthya Uddan Soft And Flexible Broom",315,105,110,7,"Samarthya Cleaning "
155,"Samarthya Soft And Flexible Broom",279,93,96,7,"Samarthya Cleaning "
156,"Samarthya Bright Kharata Next Virgin",117,39,42,7,"Samarthya Cleaning "
157,"Samarthya Large Kharata Clean Plus 60 Sticks",174,58,61,7,"Samarthya Cleaning "
158,"Samarthya Floor Wiper Silicon Blade 16"" (With Ss Stick 4Feet)",375,125,128,7,"Samarthya Cleaning "
159,"Samarthya Daimond 20"" Wiper With Ss Stick",495,165,168,7,"Samarthya Cleaning "
160,"Samarthya Smart Wiper 16"" With 22 Mm (Ms Pipe)",330,110,113,7,"Samarthya Cleaning "
161,"Samarthya Floor Smart Wiper With Ms Pipe 22 Mm 20""",282,94,97,7,"Samarthya Cleaning "
162,"Samarthya Floor Wiper Heavy Duty Commercial Use 16""",660,220,223,7,"Samarthya Cleaning "
163,"Samarthya Floor Wiper Heavy Duty Commercial Use 20""",705,235,238,7,"Samarthya Cleaning "
164,"Samarthya Floor Wiper Heavy Duty Commercial Use 24""",765,255,258,7,"Samarthya Cleaning "
165,"Samarthya Kitchen Wiper Eva Blade",45,15,18,7,"Samarthya Cleaning "
166,"Samarthya Floor Wiper Virgin Eva Blade 16""",96,32,35,7,"Samarthya Cleaning "
167,"Samarthya Floor Wiper Virgin Jambo 21""",159,53,56,7,"Samarthya Cleaning "
168,"Samarthya Window Glass Wiper Ss Pipe",480,160,163,7,"Samarthya Cleaning "
169,"Samarthya Botel Mop Regular Virgin Without Stick",129,43,46,7,"Samarthya Cleaning "
170,"Samarthya Premium Toilet Cleaner 1Ltr",141,47,50,7,"Samarthya Cleaning "
171,"Samarthya Bucketmop Pipe Set Regular",480,160,163,7,"Samarthya Cleaning "
172,"Samarthya Bucket Pipe Set A1",525,175,178,7,"Samarthya Cleaning "
173,"Samarthya Premium Microfiber Cloth 1820 Inch",132,44,47,7,"Samarthya Cleaning "
174,"Samarthya Victor Twist Mop With Ss Stick",525,175,178,7,"Samarthya Cleaning "
175,"Samarthya Twist Mop Regular With Ms Stick",333,111,114,7,"Samarthya Cleaning "
176,"Samarthya Delux Dry Mop With Ss Stick 24""",1104,368,371,7,"Samarthya Cleaning "
177,"Samarthya Dry Mop With Ss Stick 18""",999,333,336,7,"Samarthya Cleaning "
178,"Samarthya Super Duster (Zatakni)",96,32,35,7,"Samarthya Cleaning "
179,"Samarthya Premium Grade Cloth Clip Pigion (12Clip Set )",138,46,49,7,"Samarthya Cleaning "
180,"Samarthya Premium Cloth Clip Sparrow (12Clip Set)",156,52,55,7,"Samarthya Cleaning "
181,"Samarthya Soft Cleaning Lofa",510,170,173,7,"Samarthya Cleaning "
182,"Samarthya Pp Bowl",270,90,93,7,"Samarthya Cleaning "
183,"Samarthya Cloth Clip Bulbul (12Pcs Set)",120,40,43,7,"Samarthya Cleaning "
184,"Samarthya Naylo Green Pad",24,8,11,7,"Samarthya Cleaning "
185,"Samarthya Naylon Scrube And Sponge Pad",45,15,18,7,"Samarthya Cleaning "
186,"Samarthya Premium Scruber",39,13,16,7,"Samarthya Cleaning "
187,"Samarthya Sponge Wipe Pack 3Pcs",210,70,73,7,"Samarthya Cleaning "
188,"Samarthya Bathroom Scrubber Brush (Tile Clener)",123,41,44,7,"Samarthya Cleaning "
189,"Samarthya Master Bathroom Scrubber",261,87,90,7,"Samarthya Cleaning "
190,"Samarthya 15Gm (Indigo) Ss Scruber 3Pcs + One Holder Free",78,26,29,7,"Samarthya Cleaning "
191,"Samarthya 20Gm (Crystal) Ss Scruber 2Pcs + 1Holder Free",75,25,28,7,"Samarthya Cleaning "
192,"Samarthya Dry Mop 18"" (Ultra With Ms Pipe)",1095,365,368,7,"Samarthya Cleaning "
193,"Samarthya Dry Mop 24"" (Ultra With Ms Pipe)",765,255,258,7,"Samarthya Cleaning "
194,"Samarthya Dry Mop 16"" (Ultra With Ms Pipe)",525,175,178,7,"Samarthya Cleaning "
195,"Samarthya Dry Mop 14"" Micro Clean With Ss Teli-Pipe",510,170,173,7,"Samarthya Cleaning "
196,"Samarthya Clip&Fit Mop Microfiber Cloth Refile With Ms Pipe 6""",441,147,150,7,"Samarthya Cleaning "
197,"Samarthya Clip&Fit Mop Microfiber Cloth With Ms Pipe 9""",480,160,163,7,"Samarthya Cleaning "
198,"Samarthya Clip&Fit Mop Microfiber Cloth With Ms Pipe 12""",549,183,186,7,"Samarthya Cleaning "
199,"Samarthya Deak Clean Mop With Ms Pipe",345,115,118,7,"Samarthya Cleaning "
200,"Samarthya Clip Mop 6"" Virgin (No Pipe)",180,60,63,7,"Samarthya Cleaning "
201,"Samarthya Clip Mop 6"" Nv (No Pipe)",135,45,48,7,"Samarthya Cleaning "
202,"Samarthya Clip Mop  9"" Virgin (No Pipe)",216,72,75,7,"Samarthya Cleaning "
203,"Samarthya Clip Mop  9"" Nv (No Pipe)",186,62,65,7,"Samarthya Cleaning "
204,"Samarthya Clip Mop 12"" Virgin (With Ms Pipe)",465,155,158,7,"Samarthya Cleaning "
205,"Samarthya Clip Mop 12"" Nv (With Ms Pipe)",345,115,118,7,"Samarthya Cleaning "
206,"Samarthya Clip&Fit Shine Plus Mop With Ss Pipe 16"" Virgin",750,250,253,7,"Samarthya Cleaning "
237,"Samarthya Bottle Vacuum Insulted Ss 1000Ml",1650,550,553,7,"Samarthya Cleaning "
238,"Samarthya Bottle Vacuum Insulated Ss 500Ml",1650,550,553,7,"Samarthya Cleaning "
239,"Samarthya Bottle Double Wall Onxy Ss -1000Ml",1605,535,538,7,"Samarthya Cleaning "
240,"Samarthya Bottle Ss Insulated Onxy 750Ml",1470,490,493,7,"Samarthya Cleaning "
924,"Samarthya Soap Dispencer",216,72,75,7,"Samarthya Cleaning "
954,"Samarthya Cloth Sline Rack",3600,1200,1260,7,"Samarthya Cleaning "
955,"Gas Lighter",21,7,10,7,"Samarthya Cleaning "
957,"Samarthya Pro Slicer",240,80,83,7,"Samarthya Cleaning "
958,"Samarthya Pro Max Slicer",390,130,135,7,"Samarthya Cleaning "
2256,"Samarthya Hand Mix Ss",255,85,88,7,"Samarthya Cleaning "
2257,"Samarthya Stylish Chopper",480,160,163,7,"Samarthya Cleaning "
2258,"Samarthya Bento Push Chopper",465,155,158,7,"Samarthya Cleaning "
2259,"Samarthya Multi Utility Square Trolley",30,10,13,7,"Samarthya Cleaning "
2260,"Samarthya Saucify Bottle 900Ml",60,20,23,7,"Samarthya Cleaning "
2261,"Samarthya Saucify Bottle 200Ml",42,14,17,7,"Samarthya Cleaning "
2262,"Samarthya Everyday Glass 6Pcs 300Ml",375,125,128,7,"Samarthya Cleaning "
2263,"Samarthya Try Me Glass 6Pcs 300Ml",303,101,104,7,"Samarthya Cleaning "
2264,"Samarthya Onyx Double Wall Water Bottle 1500Ml",2700,900,903,7,"Samarthya Cleaning "
2265,"Samarthya Onyx Double Wall Water Bottle 1800Ml",1605,535,538,7,"Samarthya Cleaning "
2266,"Samarthya Diamond S.S Water Bottle 1000Ml",525,175,178,7,"Samarthya Cleaning "
2267,"Samarthya Onyx Double Wall Water Bottle 500Ml",1605,535,538,7,"Samarthya Cleaning "
2268,"Samarthya Pearl S.S Water Bottle (Flipper Cap) 1000Ml",525,175,178,7,"Samarthya Cleaning "
2269,"Samarthya Little Baby S.S . Feeding Bottle 250Ml",750,250,253,7,"Samarthya Cleaning "
2270,"Samarthya Onyx Double Wall Water Bottle 1500Ml",2700,900,903,7,"Samarthya Cleaning "
2271,"Samarthya Onyx Double Wall Water Bottle 1800Ml",1605,535,538,7,"Samarthya Cleaning "
2272,"Samarthya Diamond S.S Water Bottle 1000Ml",525,175,178,7,"Samarthya Cleaning "
2273,"Samarthya Onyx Double Wall Water Bottle 500Ml",1605,535,538,7,"Samarthya Cleaning "
2274,"Samarthya Pearl S.S Water Bottle (Flipper Cap) 1000Ml",525,175,178,7,"Samarthya Cleaning "
2275,"Samarthya Little Baby S.S . Feeding Bottle 250Ml",750,250,253,7,"Samarthya Cleaning "
2276,"Samarthya Round Basket Trolley (4Layer Without Wheel)",750,250,253,7,"Samarthya Cleaning "
2277,"Samarthya Round Basket Trolley (4 Layer With Wheel)",795,265,268,7,"Samarthya Cleaning "
2278,"Samarthya Round Basket Trolley (3 Layer With Wheel)",810,270,275,7,"Samarthya Cleaning "
2279,"Samarthya Round Basket Trolley (3 Layer Without Wheel)",810,270,275,7,"Samarthya Cleaning "
2280,"Samarthya Smart Space Multiple Trolly (4 Layer With Wheel)",825,275,280,7,"Samarthya Cleaning "
2281,"Samarthya Jet Clean Bucket Mop (S.S. Bowl)",2175,725,730,7,"Samarthya Cleaning "
2282,"Samarthya Jet Clean Bucket Mop (Plastic Bowl)",2025,675,680,7,"Samarthya Cleaning "
2283,"Samarthya Smart Space Multiple Trolly (3 Layer)",675,225,230,7,"Samarthya Cleaning "
2284,"Samarthya Smart Space Multiple Trolly (4 Layer)",825,275,280,7,"Samarthya Cleaning "
2285,"Samarthya Wave Bucket 5 Ltr",162,54,57,7,"Samarthya Cleaning "
2286,"Samarthya Wave Bucket 9 Ltr",300,100,103,7,"Samarthya Cleaning "
2287,"Samarthya Wave Bucket 13 Ltr",390,130,133,7,"Samarthya Cleaning "
2288,"Samarthya Wave Bucket 18 Ltr",366,122,125,7,"Samarthya Cleaning "
2289,"Samarthya Wave Bucket 20 Ltr",480,160,163,7,"Samarthya Cleaning "
2290,"Samarthya King Clean Dustpan With Brush",237,79,82,7,"Samarthya Cleaning "
2291,"Samarthya King Clean Dustpan",114,38,41,7,"Samarthya Cleaning "
2292,"Samarthya Aqualux (Round) Bathroom Set 6 Pcs (Printed)",2070,690,693,7,"Samarthya Cleaning "
2293,"Samarthya Aqualux Bucket 18Ltr",396,132,135,7,"Samarthya Cleaning "
2294,"Samarthya Jumbo Round Toilet Brush",153,51,54,7,"Samarthya Cleaning "
2295,"Samarthya Jumbo Round Toilet Brush (With Stand)",153,51,54,7,"Samarthya Cleaning "
2296,"Samarthya Royal 8 Type Cloth Brush",21,7,10,7,"Samarthya Cleaning "
2297,"Samarthya Shark Ovel Cloth Brush",132,44,47,7,"Samarthya Cleaning "
2298,"Samarthya Hydra Clean Bottle Brush",96,32,35,7,"Samarthya Cleaning "
2299,"Samarthya Spider Jala Broom S.S Telescopic Pipe (6 Feet)",510,170,173,7,"Samarthya Cleaning "
2300,"Samarthya Cob Gobi Jala Broom S.S Telescopic Pipe (6 Feet)",510,170,173,7,"Samarthya Cleaning "
2301,"Samarthya Super Fast Double Hockey Toilet Brush (Virgin)",144,48,51,7,"Samarthya Cleaning "
2302,"Samarthya Super Speed Single Hockey Toilet Brush (Virgin)",114,38,41,7,"Samarthya Cleaning "
2303,"Samarthya Handy Mix Blender",195,65,68,7,"Samarthya Cleaning "
2304,"Samarthya Chipsmaster",510,170,173,7,"Samarthya Cleaning "
2305,"Samarthya Majestic Jug 1500 Ml",294,98,101,7,"Samarthya Cleaning "
2306,"Samarthya Majestic Jug 1500Ml With 6 Pcs .Glass Set",585,195,198,7,"Samarthya Cleaning "
2307,"Samarthya Tea Strainer Plastic Handle",90,30,33,7,"Samarthya Cleaning "
2308,"Samarthya 1 No SS Strainer Plastic Handle",165,55,58,7,"Samarthya Cleaning "
2309,"Samarthya 2 No SS Strainer Plastic Handle",183,61,64,7,"Samarthya Cleaning "
2310,"Samarthya 3No SS Strainer Plastic Handle",198,66,69,7,"Samarthya Cleaning "
2311,"Samarthya Rani Oil & Juice Pourer 650 Ml",3,82,85,7,"Samarthya Cleaning "
2312,"Samarthya Rani Oil & Juice Pourer 1000 Ml",261,87,90,7,"Samarthya Cleaning "
2313,"Samarthya Smart Bin 1500 Ml Approx ( Table Top)",120,40,43,7,"Samarthya Cleaning "
2314,"Samarthya Aqualux Dustbin 12 Ltr",465,155,158,7,"Samarthya Cleaning "
2315,"Samarthya Agualux Soap Dish",96,32,35,7,"Samarthya Cleaning "
2316,"Samarthya Agualux Bath Stool",375,125,128,7,"Samarthya Cleaning "
2317,"Samarthya Blue Stone S.S. Water Bottle 1000 Ml",390,130,133,7,"Samarthya Cleaning "
2581,"Samarthya Eligant Bath Set 6 Pcs",3075,1025,1028,7,"Samarthya Cleaning "
2582,"Samarthya Elagant Mug 1 Ltr",54,18,21,7,"Samarthya Cleaning "
2583,"Samarthya Bathroom Utility Box",225,75,78,7,"Samarthya Cleaning "
2584,"Samarthya Kitchen Utility Box",129,43,46,7,"Samarthya Cleaning "
2586,"Samarthya Soap With Drain",90,30,33,7,"Samarthya Cleaning "
2587,"Samarthya Eligant Tub 20 Ltr",495,165,168,7,"Samarthya Cleaning "
2588,"Samarthya Eligant Mug Printed 1 Ltr",630,210,213,7,"Samarthya Cleaning "
2589,"Samarthya Unbrakable Mug V 750 Ml",33,11,14,7,"Samarthya Cleaning "
2590,"Samarthyha Unbrakable Mug 1250 Ml",69,23,26,7,"Samarthya Cleaning "
2591,"Samarthya Unbrakable Mug V 1000 Ml",66,22,25,7,"Samarthya Cleaning "
2606,"Samarthya Bucket Mop Volvo Ss",1590,530,533,7,"Samarthya Cleaning "
2623,"Samarthya Bottle Onxy 1800Ml",2850,950,953,7,"Samarthya Cleaning "
2624,"Samarthya Cloth Hanger (6Pcs)",294,98,101,7,"Samarthya Cleaning "
2625,"Samarthya Diamond Multipod",144,48,51,7,"Samarthya Cleaning "
2626,"Samarthya Pizza Cutter Ss",105,35,38,7,"Samarthya Cleaning "
2678,"Samarthya Maxo 16"" Floor Wiper",375,125,128,7,"Samarthya Cleaning "
2679,"Samarthya Maxo 20"" Floor Wiper",435,145,148,7,"Samarthya Cleaning "
2682,"Samarthya Soap Nest",75,25,28,7,"Samarthya Cleaning "
2683,"Samarthya Parrot Cloth Hanger",375,125,128,7,"Samarthya Cleaning "
2684,"Samarthya Blue Bied Cloth Hanger",360,120,123,7,"Samarthya Cleaning "
2685,"Samarthya Flexi Scrub",57,19,22,7,"Samarthya Cleaning "
2686,"Samarthya Duo Mate 2 Comparment",900,300,310,7,"Samarthya Cleaning "
2687,"Samarthya Duo Mate 3 Comparment",870,290,300,7,"Samarthya Cleaning "
2730,"Samarthya Naylo Scrube & Sponge Pad",45,15,18,7,"Samarthya Cleaning "
2731,"Samarthya Floor Wiper maxo 24""",600,200,203,7,"Samarthya Cleaning "
2732,"Samarthya Twist Turbo Mop SS",570,190,193,7,"Samarthya Cleaning "
2758,"Samarthya bucket mop top SS",999,500,510,7,"Samarthya Cleaning "
2759,"Samarthya bucket mop top PP",899,450,460,7,"Samarthya Cleaning "
2760,"Samarthya Flexi Multi Rack 3Layer",1400,460,470,7,"Samarthya Cleaning "
2761,"Samarthya Flexi Multi Rack 4Layer",1600,600,620,7,"Samarthya Cleaning "
